,artist_name
0,GAYLE
1,NEIKED
2,THE ANXIETY
3,LISA
4,ROSALÍA
5,BoyWithUke
6,Blondie
7,Boston
8,Derek & The Dominos
9,The Kingsmen
10,The Cars
11,Prince
12,Muse
13,Talking Heads
14,Mike Dimes
15,Paper Route EMPIRE
16,Culture Jam
17,Drake
18,BIA
19,Khalid
20,Blxst
21,Aaliyah
22,Tems
23,Lonr.
24,Chlöe
25,Bill Charlap Trio
26,Cory Weeds
27,Joe Farnsworth
28,Farnell Newton
29,Jim Snidero
30,Triosence
31,Mareike Wiening
32,Matthew Halsall
33,Amaro Freitas
34,Lorenzo Tucci
35,Joshua Espinoza
36,Art Hirahara
37,Lo Greco Bros Quartet
38,Rasmus Holm Quartet
39,Anders Mogensen
40,Claus Waidtløw
41,Svante Söderqvist
42,Thomas Agergaard
43,David Halliday
44,John Engels
45,Ola W Jansson
46,Jeremy Pelt
47,Tingvall Trio
48,Kamasi Washington
49,Rob Barron
50,Gabriel Latchin Trio
51,Sebastian Zawadzki
52,Tim Garland
53,Ben Flocks
54,Jeff Rupert
55,Denis Solee
56,Massimo Faraò Trio
57,Yoko Miwa Trio
58,Trygve Seim
59,Joshua Redman Quartet
60,Mark Sherman
61,Branford Marsalis Quartet
62,Paolo Fresu
63,Eddie Henderson
64,Jimmy Forrest
65,Jan Harbeck Quartet
66,Emil Brandqvist
67,Andy Sheppard Quartet
68,Alfio Origlio
69,Oscar Peterson Trio
70,Esbjörn Svensson Trio
71,Helge Lien Trio
72,Renee Rosnes
73,European Jazz Trio
74,Walt Weiskopf
75,John Moulder
76,The Hot Sardines
77,Nicholas Payton
78,Fred Hersch Trio
79,Tord Gustavsen Trio
80,Seamus Blake
81,Julian Dash
82,Xavier Davis
83,Karin Hammar
84,Yuri Honing Acoustic Quartet
85,Joran Cariou Trio
86,Fredrik Kronkvist
87,Rolf Kühn
88,Echoes of Swing
89,Massimo Colombo
90,Aldo Romano
91,Trio X of Sweden
92,Nestor Torres
93,Ben Wolfe
94,Bill Mobley
95,Marcus Gilmore
96,Dan Cray Trio
97,"Tommy Flanagan, Ron Carter & Tony Williams"
98,Brad Mehldau Trio
99,Anthony Wonsey Trio
100,Christian Scott aTunde Adjuah
101,Roger Kellaway
102,Eyolf Dale
103,Brian Blade & The Fellowship Band
104,Passport Quartet
105,Jan Lundgren Trio
106,Anat Fort
107,Connie Han
108,Bobo Stenson Trio
109,Ray Bryant
110,Yelena Eckemoff
111,Christian McBride Trio
112,Dumpstaphunk
113,Philip Sayce
114,The Cold Stares
115,Five Points Gang
116,Bernard Allison
117,Paulo Mendonca
118,Selwyn Birchwood
119,Fantastic Negrito
120,Andreas Kümmert
121,Bryce Janey
122,Ben Poole
123,Kris Barras Band
124,King King
125,Philip Sayce Group
126,Tony Spinner
127,Simon McBride
128,Phat Phunktion
129,Roosevelt Collier
130,Big Head Todd and The Monsters
131,Tommy Castro
132,Jessy Martens and Band
133,Eric Gales
134,Henrik Freischlader
135,Robert Randolph & The Family Band
136,Anthony Gomes
137,Joanne Shaw Taylor
138,Gugun Power Trio
139,Saint Jude
140,Cry Of Love
141,Gov't Mule
142,Alvin Youngblood Hart
143,BROWN & GRAY
144,CHASE WRIGHT
145,Kolby Cooper
146,Madeline Edwards
147,Carter Faith
148,Jules Massenet
149,Gabriel Fauré
150,Samuel Coleridge-Taylor
151,Joseph Boulogne Chevalier de Saint-Georges
152,Florence Beatrice Price
153,Jess Gillam
154,Frederick Delius
155,Ottorino Respighi
156,Max Bruch
157,Christoph Willibald Gluck
158,Austin Wintory
159,Stanley Myers
160,Alexander Glazunov
161,Carl Orff
162,Remo Giazotto
163,Louise Farrenc
164,Germaine Tailleferre
165,Anton Bruckner
166,François Couperin
167,Leoš Janáček
168,Erich Wolfgang Korngold
169,Rvssian
170,Camilo
171,Boza
172,Ryan Castro
173,Randy
174,Ivan Cornejo
175,Declan J Donovan
176,Mokita
177,Luz
178,Blake Rose
179,Elina
180,Anne-Marie
181,LÉON
182,Griff
183,Ashe
184,WATTS
185,LOVA
186,PJ Harding
187,Conor Matthews
188,MEDUZA
189,Imanbek
190,Gryffin
191,Topic
192,Internet Money
193,Navos
194,Gaullin
195,Lady Bee
196,John Summit
197,Sunnery James & Ryan Marciano
198,Zeds Dead
199,David Solomon
200,SIDEPIECE
201,Rêve
202,Ofenbach
203,Toby Romeo
204,GASHI
205,SLANDER
206,BODYWORX
207,Never Sleeps
208,KREAM
209,CJ
210,Alok
211,BIJOU
212,Robin M
213,Eli & Fur
214,JOYRYDE
215,Seven Lions
216,Feder
217,ZHU
218,Tita Lau
219,FISHER
220,BLVD.
221,Kito
222,BLVK JVCK
223,Öwnboss
224,Kelvyn Colt
225,Josement
226,RAYE
227,KenTheMan
228,Remble
229,FL Dusa
230,Smiley
231,Wale
232,MOUNT WESTMORE
233,Young Stoner Life
234,Bas
235,Majestic
236,Shouse
237,Badflower
238,Crawlers
239,The Mysterines
240,The Smile
241,Des Rocs
242,WILLOW
243,Sueco
244,Jack Kays
245,Dirty Heads
246,"nothing,nowhere."
247,Mammoth WVH
248,Bad Wolves
249,Ayron Jones
250,IDLES
251,Junior M.A.F.I.A.
252,Redman
253,Hi-Tech
254,Souls Of Mischief
255,Grand Puba
256,Poor Righteous Teachers
257,Pete Rock & C.L. Smooth
258,Afu-Ra
259,Smif-N-Wessun
260,MC Breed
261,DOECHII
262,Kali
263,Hunxho
264,KillBunk
265,Cootie
266,Van Buren Records
267,Roddy P
268,Wacotron
269,2FeetBino
270,Rot Ken
271,Jay Bezzy
272,YSN Fab
273,Whookilledkenny
274,CEO Trayle
275,Jaah SLT
276,BBY KODIE
277,Never Broke Again
278,Lancey Foux
279,Kuttem Reese
280,Eli Fross
281,Bobby Fishscale
282,Fresco Trey
283,Lloyd
284,Various Artists
285,Ashanti
286,Monica
287,Mýa
288,LP Giobbi
289,Joshwa
290,Anti Up
291,Dubdogz
292,twocolors
293,NuBass
294,Purple Disco Machine
295,HUGEL
296,Dark Heart
297,The Stickmen Project
298,Mufasa & Hypeman
299,Bleu Clair
300,HVME
301,PS1
302,DLMT
303,Chico Rose
304,Tobtok
305,Mabel
306,Coldabank
307,Lucas Estrada
308,M-22
309,PRE55URE
310,Rain Radio
311,Noizu
312,Chapter & Verse
313,Mr. Belt & Wezol
314,Oxia
315,Winona Oak
316,Paradigm
317,Jay Pryor
318,Dom Dolla
319,BURNS
320,Phil The Beat
321,Bingo Players
322,Bexxie
323,Kim Kaey
324,DEATH2KALON
325,Portion
326,Wil Akogu
327,Lul Bob
328,YSB Tril
329,Kwe the Artist
330,Judah
331,Cb Cbzzybaby
332,Jaywall
333,Poundside Pop
334,Kybba
335,Tribal Kush
336,Sico Vox
337,Limitless
338,Demarco
339,Lkhn
340,Karl Wine
341,Moyann
342,Its Natascha
343,Robin Roxette
344,La Toya Linger
345,JSnake
346,Blaiz Fayah
347,Laa Lee
348,Fernandez
349,Dj Flavor
350,Beach Boii
351,Hayvee
352,Vunzige Deuntjes Soundsystem
353,KARYO
354,Emiz
355,Fastah Selectah
356,Andres Couper
357,Lion Fiah
358,Buskilaz
359,Dj Leska
360,Menasa
361,Zum
362,Karixon
363,Jahyanai
364,Leftside
365,morgxn
366,Two Friends
367,Hajaj
368,Daisy the Great
369,SAINT PHNX
370,Valerie Broussard
371,Mark Mendy
372,ARIA
373,Sam Drysdale
374,Oscar Anton
375,Josefine
376,Moosa Saleem
377,Jshinning
378,Stunnaman02
379,Kyle Banks
380,Wallie the Sensei
381,Aminé
382,aroomfullofmirrors
383,Cassie
384,112
385,Total
386,Diddy - Dirty Money
387,Da Band
388,Lojay
389,Da Beatfreakz
390,Kojey Radical
391,Horrid1
392,Arz
393,A1 x J1
394,Young T & Bugsey
395,Blanco
396,French The Kid
397,MORGAN
398,Black Sherif
399,Meekz
400,SL
401,The Wombats
402,Hard-FI
403,The Vaccines
404,Scouting For Girls
405,Bombay Bicycle Club
406,Reverend And The Makers
407,Circa Waves
408,Toploader
409,The Dandy Warhols
410,Will Joseph Cook
411,Spring King
412,VANT
413,The Night Café
414,Vistas
415,Dancing On Tables
416,The Academic
417,Larkins
418,Picture This
419,DMA'S
420,Blanks
421,Sea Girls
422,Phoenix
423,Lustra
424,Fountains Of Wayne
425,The Ataris
426,Story Of The Year
427,Ram Jam
428,Europe
429,Spin Doctors
430,Saba
431,Dijon
432,Wallice
433,Brevin Kim
434,Nilüfer Yanya
435,Civ Pierre
436,Johan Lenox
437,dexter
438,BEAM
439,Memphis LK
440,Flozigg
441,Paris Texas
442,whiterosemoxie
443,GRIP
444,spill tab
445,Santangelo
446,Dreamer Isioma
447,Obongjayar
448,EKKSTACY
449,Corbin
450,PawPaw Rod
451,AUNDREY GUILLAUME.
452,HVN
453,Jelani Aryeh
454,Porches
455,reggie
456,Baird
457,Busu
458,Deb Never
459,Powers Pleasant
460,Mazen
461,Sad Night Dynamite
462,MICHELLE
463,Terry Presume
464,Blake Saint David
465,Dora Jar
466,Jordana
467,Haich Ber Na
468,boylife
469,Junior Varsity
470,psykhi
471,ernest rareberrg
472,Cautious Clay
473,Oscar Scheller
474,Russ
475,vaultboy
476,Lucius
477,Bob Moses
478,Barrie
479,Yot Club
480,Valley
481,Ai Bendr
482,BAYNK
483,BUZZ
484,Niko Rubio
485,Hailey Whitters
486,LAUNDRY DAY
487,The Simps
488,yeule
489,KDVSGOLIATH
490,Wintr
491,Henry Jamison
492,Aldous Harding
493,HAZEY
494,Tenille Townes
495,Ben Kessler
496,Chris Patrick
497,Marlon Craft
498,Kai Ca$h
499,Bando.
500,IDK
501,Conway the Machine
502,Cookin Soul
503,Nascent
504,Free Party
505,Angelo Mota
506,Tru
507,Chanelle Kazadi
508,Bobby Sessions
509,Doley Bernays
510,Mosez Jones
511,DijahSB
512,Harriis
513,Malz Monday
514,Skyzoo
515,Al-Doms
516,Matt McGhee
517,Jesse Boone
518,Dave B.
519,MAVI
520,Stove God Cooks
521,Jay Worthy
522,MFnMelo
523,SALES
524,Still Woozy
525,Men I Trust
526,MyKey
527,Lowertown
528,Wabie
529,Harriette
530,dacelynn
531,Hard Car Kids
532,Hether
533,Fleece
534,Vansire
535,Boyish
536,CASTLEBEAT
537,Monsune
538,Freak Slug
539,Ralph Castelli
540,Far Caspian
541,Sports
542,SEB
543,Luke Wild
544,Mild High Club
545,Kate Bollinger
546,fanclubwallet
547,Teenage Priest
548,Sunset Rollercoaster
549,The Rare Occasions
550,No Vacation
551,RICEWINE
552,Smoothboi Ezra
553,Mickey Darling
554,Huron John
555,the booyah! kids
556,Claud
557,BETWEEN FRIENDS
558,Forrest Nolan
559,Josh Fudge
560,carpetgarden
561,Grady
562,cehryl
563,Rebounder
564,Ian Hugel
565,gigi
566,Strawberry Guy
567,Emmett Mulrooney
568,j ember
569,Orion Sun
570,Slacker Jack's
571,pedrolina.
572,ding m
573,Senoidal
574,halfpastseven
575,Timestreet
576,Poetics
577,LelleXCX
578,The Graph
579,Dan Betz
580,Tamala Bay
581,Blackburri
582,ChillsmokeႿ
583,m3lly
584,Maci
585,HM Surf
586,niff_
587,scratchine
588,Kid Kio
589,"Beats Me, Innit?"
590,Slow Fidelity
591,Wishard
592,Dusty Decks
593,Featherfail
594,Revoir
595,Tailwinds
596,Ricardo Schneider
597,Dondie
598,Airship River
599,Louk
600,Gibbon Baby
601,kudo
602,phonadium
603,Arcade Portal
604,Guustavv
605,All In One Day
606,Lester Nowhere
607,Idyllik Beat
608,cruzcamra
609,florentine
610,Madbank
611,PIÑA PINK
612,Caicey
613,FREJA
614,Hans Hu$tle
615,Fluurish_ish
616,Zho Zho
617,Laffey
618,lostoutside
619,heavy tone
620,shapeofbeatz
621,Duos On Mars
622,francesco MG
623,Jhove
624,Vens Adams
625,Bamboozled Bumblebee
626,hope mona
627,Widefoot
628,fox
629,"oh, the joy."
630,santpoort
631,rsbd
632,suburban sad
633,Miki Maou
634,Pluto Tracks
635,Devon Rea
636,foursite
637,Carborator
638,colours in the dark
639,Obie Hans
640,mashhha
641,Lightbulb Factory
642,Kanisan
643,Fractite
644,Wasted Glitter
645,Ho-Sook
646,Skyplanter
647,Oboe.
648,Charlie Tea
649,Age of Departures
650,Detainment System
651,Chris Mazuera
652,Arbour
653,Hype Right
654,Hatchio
655,Oops 123
656,damaa.beats
657,Luna Rossa
658,Satoshi Nakamoto
659,Kolorama
660,Pastblink
661,Pop Sun
662,Mr Muddy
663,Ramsey Road
664,Miso Colt
665,tender spring
666,softy
667,frad
668,No Spirit
669,Bag'o Chips
670,Mindscape
671,Locals Only Sound
672,.ihaveaface
673,caesar torro
674,Hz.
675,Tibeauthetraveler
676,downstairs lantern
677,amelia liz
678,Strong.AL&
679,Rebornn.
680,Kainbeats
681,Muddy Mudd
682,coldbrew
683,Etzuko.
684,Oskar Hahn
685,Aso
686,Zen Park
687,Dream Phobia
688,Pat Laine
689,bugdawn
690,Jamie Von Chill
691,Slopoke
692,Finera
693,URCHN
694,cloudi
695,shogani
696,Mixtus
697,Who Dares Wins
698,Moodyears
699,Edwinn
700,class e
701,mood.
702,aesthetictypebeats
703,Criminal Plants
704,Wavy Naps
705,Billy Bass
706,Clique Epique
707,roeadey
708,meadowzz
709,Jacques Chillax
710,tres islas
711,maqhiavelli
712,reviie
713,Jimmy Neil
714,dovre
715,orcanite
716,Made in M
717,loyCOY
718,The Way It Izz
719,Vibe Vault
720,Phive O
721,Atium
722,Dontcry
723,Pensive Strider
724,Sinebreak
725,1ga
726,Calm Like Carl
727,Sidezz
728,Dagg Skelt
729,Tethered Ghosts
730,AOI
731,Dusty Rode
732,rchie
733,vibe academy
734,Saint Totoro
735,Drift Crew
736,Ferris Ferris
737,Ai Bolako
738,Byoushay Brothers
739,s t r o b e
740,Kotsaku
741,Golden Frame
742,greenface
743,Rory Callum
744,Sophia Lopez
745,Ginnypig
746,Diggy Downs
747,Grandmaster Tilden
748,cypherhound
749,Damien Seul
750,Abbesses Square
751,slån
752,Saif Amo
753,Uforbia
754,p!ke
755,densitydrive
756,Benjamin August
757,bax iv
758,Vera Fernandez
759,Mama Gecko
760,late tripper
761,frek!
762,Hector Mazza
763,Bokki
764,Sitting Duck
765,fresh from the oven
766,Sakloma24
767,Hoogway
768,halfv
769,Waveum
770,Kenzo Hill
771,cudlz
772,Almo X
773,Le Giles
774,Kid Gnasher
775,Olivier Abeille
776,Droxilyn
777,maja andino
778,r@ts
779,inbetweenjobs
780,Miller Jones
781,still yung
782,threefourfive
783,Tufflo
784,UniqeCorn
785,the sharp shooter
786,Rushee
787,Elengi
788,sativae
789,Moody Bit
790,Jelika
791,xJ-Will
792,_tag
793,Blue Zombie
794,Goudo J
795,Jens Nirme
796,Twinkz
797,yellow book
798,Alisen
799,Ashley Orikami
800,Prism Sorrow
801,kesno
802,kaj did it
803,SumPlusOne
804,Luigi Valentino
805,logan finneas
806,Chillowfy
807,pax million
808,Fires In The Dark
809,Pante H á
810,Kang
811,Idris Jem
812,Blue Motyl
813,Boredoom
814,jaxtun
815,Yoki Toy
816,Hi Hat Henry
817,Nostalgique
818,Mujo
819,PINANO
820,lola dreams
821,Ajmw
822,yengotti
823,middlesway
824,BATNAM
825,titicon
826,Wun Two
827,costa rossa
828,Lazy Leopard
829,HÖNS
830,Pierre Solvent
831,ilsey john
832,Interscope
833,Max Kellen
834,Soundlabs
835,ROOM7
836,Giorgio Robertini
837,Crate Diggers
838,Synkop
839,Trixie Muff
840,Joel Manson
841,Nadja Salkova
842,Tissi
843,natalie kenston
844,Beat Oven
845,Elisey
846,PawnShop Guy
847,sound butler
848,Psalm Trees
849,really big mountains
850,Amanda Sandin
851,JYDN HILL
852,Hunter Moreau
853,poptropicaslutz!
854,E the profit
855,Ben Laine
856,Jhariah
857,Mae Mae
858,QRTR
859,Crusy
860,Gracie Gray
861,String Machine
862,Spyres
863,Tommy Saint
864,Black Polish
865,Pam Rabbit
866,Panoram
867,Brimheim
868,Tagavaka
869,To the Tide
870,Pure Shores
871,Presley River
872,Samaki
873,Sophia Alexa
874,seiji oda
875,BLOWSOM
876,Kavale
877,Haiden
878,DR. GABBA
879,R.E.A.D
880,Temme Scott
881,Jay Cooper
882,Fia Moon
883,JUNES K
884,Philine Sonny
885,Oliver Keane
886,Tessa Rae
887,FINMAR
888,Spinline
889,Prozak
890,PROM
891,Scuti
892,Luke Chappell
893,Kennedy Rd.
894,Gio Genesis
895,Youth Sector
896,Gaby Harvey
897,Lady London
898,Brittany Campbell
899,FRVRFRIDAY
900,Sis
901,Jefferson
902,Boulevards
903,Prophet the Artist
904,Ed Hodge
905,benners
906,Dylan Sinclair
907,Lou From Paradise
908,Koji Nakamura
909,Dr. Dog
910,Celeste
911,AURORA
912,Angelo De Augustine
913,RY X
914,Valley Boy
915,Hundred Waters
916,Ayoni
917,flowerkid
918,Shungudzo
919,Whitney
920,Overcoats
921,Petey
922,Blaenavon
923,The Howl & The Hum
924,Samia
925,Tapes
926,Talos
927,Elizabeth
928,S. Carey
929,This Is The Kit
930,Luna Delirious
931,Lucy Dacus
932,Sorcha Richardson
933,Many Voices Speak
934,Junodream
935,Saint Sister
936,Pet Deaths
937,Jealous of the Birds
938,Rose Cousins
939,Jessica Pratt
940,Yo La Tengo
941,Micah P. Hinson
942,Charlotte Day Wilson
943,St. Panther
944,Nightmares On Wax
945,Elujay
946,Asiahn
947,Natty Reeves
948,Joe Hertz
949,Felbm
950,Common Saints
951,HNNY
952,Khruangbin
953,clear eyes
954,Mocky
955,vbnd
956,Durand Jones & The Indications
957,Gotts Street Park
958,Yellow Days
959,LOONY
960,Greentea Peng
961,Sunni Colón
962,Pip Millett
963,Chiiild
964,Pale Jay
965,Sirens Of Lesbos
966,Onyx Collective
967,Dan Kye
968,Mndsgn
969,Adeline
970,Rosie Lowe
971,Kenneth Whalum
972,Talibah Safiya
973,BLK ODYSSY
974,The Silhouettes Project
975,Otis Junior
976,Healy
977,Elina Filice
978,Elder Island
979,Odette Peters
980,Glenn Astro
981,Melodiesinfonie
982,Athletic Progression
983,Rosie Frater-Taylor
984,Joshua J
985,Nick Kurosawa
986,JGrrey
987,Biig Piig
988,Feiertag
989,Simpson
990,Menahan Street Band
991,The Twilite Tone
992,B. Fisher
993,Aquilo
994,Royce Wood Junior
995,FELIVAND
996,Jake Milliner
997,박혜진 Park Hye Jin
998,Magic City Hippies
999,Reginald Omas Mamode IV
1000,Jonah Yano
1001,duendita
1002,Dana McCoy
1003,SAULT
1004,Seba Kaapstad
1005,Kamaal Williams
1006,Mathieu Boogaerts
1007,Nubiyan Twist
1008,menace Santana
1009,Gambino La MG
1010,Gotti Maras
1011,Pirate
1012,Mig
1013,Siaka
1014,Brk
1015,MALTY 2BZ
1016,Kodes
1017,OMR
1018,Waïv
1019,Fresh laDouille
1020,ALP
1021,Lyms
1022,Popey
1023,DENZO
1024,Oskoow
1025,Kai Du M
1026,Negrito
1027,LE RISQUE
1028,L’As
1029,Elh Kmer
1030,La F
1031,Larsé
1032,Koffi Lossa
1033,Oby One
1034,Tiitof
1035,VVES
1036,Slkrack
1037,26keuss
1038,Lamatrix
1039,Bigor
1040,Rsko
1041,Silke Plattenspieler
1042,Quadie Diesel
1043,Ghostluvme
1044,Cheflodeezy
1045,Jus Stacks
1046,Cold Ca$e
1047,MC Bravado
1048,Jake Strain
1049,M.A.D.S.K.I.L.L.
1050,Razrfish
1051,Nsy Roro
1052,Yc Goodfella
1053,avery j.
1054,Shwaee
1055,Albastard
1056,Bad Meets Evil
1057,Young Leaf
1058,Ciara
1059,MIKA
1060,Nelly
1061,Carpenters
1062,The Bells
1063,Yusuf / Cat Stevens
1064,Blue Mink
1065,Mocedades
1066,The New Seekers
1067,Roger Voudouris
1068,R. Dean Taylor
1069,Marshall Hain
1070,Peters & Lee
1071,Captain & Tennille
1072,The Osmonds
1073,Peter McCann
1074,Seals and Crofts
1075,Pickettywitch
1076,The Fortunes
1077,New World
1078,Kenny Nolan
1079,Racey
1080,Clout
1081,Brotherhood of Man
1082,Bo Donaldson & The Heywoods
1083,The Rubettes
1084,Sailor
1085,Middle Of The Road
1086,The Jacksons
1087,Chicago
1088,Steely Dan
1089,Daryl Hall & John Oates
1090,Styx
1091,Nazareth
1092,Orleans
1093,King Harvest
1094,Henry Gross
1095,Tower Of Power
1096,Rose Royce
1097,Foreigner
1098,Blue Magic
1099,The Persuaders
1100,Gladys Knight & The Pips
1101,England Dan & John Ford Coley
1102,Commodores
1103,The Three Degrees
1104,Dr. Hook
1105,The Stylistics
1106,Peaches & Herb
1107,Starland Vocal Band
1108,Robert John
1109,The Bellamy Brothers
1110,Harold Melvin & The Blue Notes
1111,The Teskey Brothers
1112,Lady Wray
1113,Lawrence
1114,Mōzi
1115,Bruno Major
1116,RuthAnne
1117,Kendra Morris
1118,Delta Maid
1119,Patrick Droney
1120,Katie Pruitt
1121,Anduze
1122,Jordy Searcy
1123,Vanmiran
1124,JNR WILLIAMS
1125,Yola
1126,Ayelle
1127,The Dip
1128,Abraham Alexander
1129,Brooke Sierra
1130,Lake Street Dive
1131,Nina Soro
1132,Jak Lizard
1133,Moss Kena
1134,Charlotte Leigh
1135,UMI
1136,Oscar Blue
1137,Savannah Conley
1138,Dominique Fils-Aimé
1139,Lo Moon
1140,Loren Kramar
1141,Jess Best
1142,Cody Dear
1143,Mayaeni
1144,Jasmine Cephas-Jones
1145,Joey Landreth
1146,Brandon
1147,"Peter, Paul and Mary"
1148,Peter Sarstedt
1149,"Crosby, Stills & Nash"
1150,The Magnetic Fields
1151,Rhiannon Giddens
1152,Indigo Girls
1153,Terry Callier
1154,Adam Torres
1155,Soul Coughing
1156,Eric B. & Rakim
1157,Boogie Down Productions
1158,Soon E Mc
1159,Black Star
1160,Brandy
1161,Zack Hemsey
1162,Dope
1163,Dream Theater
1164,Children Of Bodom
1165,Godsmack
1166,Soil
1167,Killswitch Engage
1168,Amon Amarth
1169,Vision Of Disorder
1170,Queensrÿche
1171,Cinderella
1172,ANGRA
1173,White Lion
1174,Manowar
1175,Winger
1176,Ratt
1177,Powerman 5000
1178,TRUSTcompany
1179,Ill Niño
1180,Finger Eleven
1181,Dry Kill Logic
1182,Danzig
1183,Saxon
1184,Riot
1185,Tygers Of Pan Tang
1186,Michael Schenker Group
1187,Praying Mantis
1188,Celtic Frost
1189,The Rods
1190,Krokus
1191,Shadow of Intent
1192,LANDMVRKS
1193,The Veer Union
1194,Miguel
1195,Jr. Walker & The All Stars
1196,Monophonics
1197,Swamp Dogg
1198,The Main Squeeze
1199,The War and Treaty
1200,Four Tops
1201,Sharon Jones & The Dap-Kings
1202,The Bamboos
1203,Jonny P
1204,Stealth
1205,Fontella Bass
1206,Martha Reeves & The Vandellas
1207,The Spinners
1208,Lee Fields & The Expressions
1209,The Chiffons
1210,The Staple Singers
1211,Sly & The Family Stone
1212,Arthur Conley
1213,Vintage Trouble
1214,St. Paul & The Broken Bones
1215,Ike & Tina Turner
1216,The O'Jays
1217,The Crystals
1218,The Elgins
1219,Bettye Swann
1220,Diplomats of Solid Sound
1221,The Contours
1222,Curtis Harding
1223,The Flirtations
1224,Marlena Shaw
1225,Sam & Dave
1226,The Score
1227,Arlie
1228,COIN
1229,Wet Leg
1230,Windser
1231,Best Coast
1232,Inhaler
1233,Band of Horses
1234,I DONT KNOW HOW BUT THEY FOUND ME
1235,Fontaines D.C.
1236,Blondes
1237,Liily
1238,LØLØ
1239,Betcha
1240,Daphne's Couch
1241,Caspr
1242,LIL DUSTY G
1243,HOKO
1244,Candid
1245,Judah & the Lion
1246,phem
1247,Boston Manor
1248,Ricky Himself
1249,No Love For The Middle Child
1250,Anna Shoemaker
1251,Hirsch
1252,Max Bennett Kelly
1253,The Drives
1254,LYELL
1255,Wilderado
1256,Smallpools
1257,DREAMERS
1258,Foreign Air
1259,Del Water Gap
1260,THE JACKS
1261,Winnetka Bowling League
1262,Troi Irons
1263,Blame My Youth
1264,Hurray For The Riff Raff
1265,The Record Company
1266,The War On Drugs
1267,Bleachers
1268,Beau
1269,DOPE LEMON
1270,Pinegrove
1271,Ceramic Animal
1272,Widowspeak
1273,Christian Lee Hutson
1274,Indigo De Souza
1275,The Cactus Blossoms
1276,Twen
1277,Manchester Orchestra
1278,Eels
1279,Big Thief
1280,NoSo
1281,Hana Vu
1282,Guided By Voices
1283,Genesis Owusu
1284,Teenage Wrist
1285,Dead Poet Society
1286,Slothrust
1287,Tigercub
1288,The Luka State
1289,IRONTOM
1290,Black Honey
1291,cleopatrick
1292,Death From Above 1979
1293,Chappaqua Wrestling
1294,YONAKA
1295,Plague Vendor
1296,Himalayas
1297,KennyHoopla
1298,Kills Birds
1299,PRONOUN
1300,The Pale White
1301,Michigander
1302,White Reaper
1303,Psychedelic Porn Crumpets
1304,The Blue Stones
1305,George Barnett
1306,Foxing
1307,Mondo Cozmo
1308,PÆRISH
1309,Castlecomer
1310,Sego
1311,Quicksand
1312,Mouth Culture
1313,Rad Horror
1314,Valleyheart
1315,COLISION
1316,CRX
1317,New Candys
1318,Hundredth
1319,Superbloom
1320,Softcult
1321,Royal Tusk
1322,The Velveteers
1323,BRKN LOVE
1324,Fangclub
1325,Destroy Boys
1326,Demob Happy
1327,MOSES
1328,Mt. Eddy
1329,Webbed Wing
1330,Dinosaur Pile-Up
1331,Normandie
1332,CAKE
1333,Motion City Soundtrack
1334,The Darkness
1335,Blind Melon
1336,TV On The Radio
1337,The Postal Service
1338,Built To Spill
1339,Empire of the Sun
1340,The Naked And Famous
1341,The Bravery
1342,The Walkmen
1343,The Vines
1344,Sunny Day Real Estate
1345,The Breeders
1346,LCD Soundsystem
1347,The Knife
1348,The Rapture
1349,The Raconteurs
1350,Delicate Steve
1351,Bakar
1352,Faye Webster
1353,Future Islands
1354,The Big Moon
1355,Gengahr
1356,Grimes
1357,Parcels
1358,Rostam
1359,Unknown Mortal Orchestra
1360,Broken Bells
1361,Everything Everything
1362,Methyl Ethel
1363,Maximo Park
1364,Edward Sharpe & The Magnetic Zeros
1365,Gossip
1366,The Pigeon Detectives
1367,Camille Yarbrough
1368,CHIC
1369,Randy Crawford
1370,Average White Band
1371,Gloria Jones
1372,Charles Wright & The Watts 103rd Street Rhythm Band
1373,Jackson Sisters
1374,Frankie Valli & The Four Seasons
1375,Funkadelic
1376,George McCrae
1377,Baby Charles
1378,The Tams
1379,Lee Dorsey
1380,Rufus
1381,Dojo Cuts
1382,Thee Sacred Souls
1383,Gabriels
1384,Fat Night
1385,Mamas Gun
1386,The Marcus King Band
1387,The Suffers
1388,Son Little
1389,Collin Miller & the Brother Nature
1390,Quinn Devlin & The Bridge Street Kings
1391,Carlton Jumel Smith
1392,Jason Joshua & The Beholders
1393,Myles Sanko
1394,Nathaniel Rateliff & The Night Sweats
1395,Joey Dosik
1396,Shuko
1397,Eddie 9V
1398,El Michels Affair
1399,The Tibbs
1400,Izo FitzRoy
1401,William DeVaughn
1402,Johnny Bristol
1403,King Floyd
1404,The Chi-Lites
1405,The Dramatics
1406,Linda Fields
1407,Yvonne Fair
1408,Lyn Collins
1409,"Bobby ""Blue"" Bland"
1410,Mel & Tim
1411,The Undisputed Truth
1412,Denise LaSalle
1413,Phony Ppl
1414,Radiant Children
1415,Berhana
1416,Free Nationals
1417,Busty and the Bass
1418,Otis Kane
1419,Stokley
1420,Shay Lia
1421,KIRBY
1422,Rare Essence
1423,Nia Sultana
1424,Ciscero
1425,Solange
1426,Tank and The Bangas
1427,Mahalia
1428,Terrell Hines
1429,Rayana Jay
1430,Rudey Barnes
1431,Eddie Floyd
1432,Parmalee
1433,HARDY
1434,Old Dominion
1435,Drew Parker
1436,Roman Alexander
1437,Jameson Rodgers
1438,Renee Blair
1439,The Cadillac Three
1440,The Judds
1441,Larry Gatlin & The Gatlin Brothers
1442,Henson Cargill
1443,Shenandoah
1444,Alabama
1445,Zack Dyer
1446,SixForty1
1447,Johnny Dailey
1448,Rodell Duff
1449,Halle Kearns
1450,Luke and Kaylee
1451,Shawn Austin
1452,Ian Munsick
1453,Seaforth
1454,Kat & Alex
1455,Jacob Bryant
1456,Bri Fletcher
1457,Hannah May Allison
1458,Chris Ruediger
1459,Ella Langley
1460,Jenna Paulette
1461,BEXAR
1462,Jeb Gipson
1463,Smithfield
1464,Troy Cartwright
1465,Kaylee Bell
1466,Ray Fulcher
1467,HIXTAPE
1468,Drew Green
1469,Matt Stell
1470,Larry Fleet
1471,Rod + Rose
1472,Dillon Carmichael
1473,Niko Moon
1474,Bailey Zimmerman
1475,Pierre Alexander
1476,Jordan Rowe
1477,Warren Zeiders
1478,Tyler Booth
1479,Kassi Ashton
1480,Caitlin Quisenberry
1481,Elvie Shane
1482,Cam
1483,Mitch Rossell
1484,King Calaway
1485,Blane Howard
1486,Tiera
1487,Eric Van Houten
1488,ERNEST
1489,Payton Howie
1490,Cory Marks
1491,Kendell Marvel
1492,Kylie Morgan
1493,Jeremy McComb
1494,Blackberry Smoke
1495,Striking Matches
1496,Heath Sanders
1497,Josh Meloy
1498,Whelan Stone
1499,LOCASH
1500,Dusty Black
1501,Blackjack Billy
1502,Jobe Fortner
1503,Shawn David
1504,Taylor McCall
1505,Manny Blu
1506,The Steel Woods
1507,Stephen Wilson Jr.
1508,Tim Montana
1509,Ryan Kinder
1510,Robert Counts
1511,Kaleb Austin
1512,Bobby McClendon
1513,Tanner Usrey
1514,The Georgia Thunderbolts
1515,Dew Pendleton
1516,Bones Owens
1517,Seth Anthony
1518,Read Southall Band
1519,Whiskey Myers
1520,Ghost Hounds
1521,Kenton Bryant
1522,Cody Hibbard
1523,Naked Gypsy Queens
1524,Dave Fenley
1525,Them Dirty Roses
1526,Hayden Coffman
1527,Teddy Robb
1528,Jackson+Sellers
1529,Nashvillains
1530,corook
1531,Donna Missal
1532,FLETCHER
1533,MAY-A
1534,Gia Woods
1535,L Devine
1536,JORDY
1537,Madeline The Person
1538,Frances Forever
1539,Ethel Cain
1540,Sarah Proctor
1541,Kelechi
1542,Aisho Nakajima
1543,dhruv
1544,Saro
1545,EMELINE
1546,Amorphous
1547,Carson James Argenna
1548,Michaela Jaé
1549,Benedict Cork
1550,Anya Gupta
1551,The Weather Girls
1552,Dead Or Alive
1553,Deee-Lite
1554,The Source
1555,KC & The Sunshine Band
1556,Indeep
1557,Frankie Goes To Hollywood
1558,IndyAnna Baby
1559,Bennett
1560,Wolfjay
1561,Smooth Jas
1562,Jay Page
1563,Yves Tumor
1564,Urias
1565,Randa
1566,Cuee
1567,Legwurk
1568,Miss Blanks
1569,EGOISM
1570,SOPHIE
1571,imbi
1572,Adult Mom
1573,Reggii
1574,Freddie
1575,Tunde Olaniran
1576,Katie Dey
1577,Dazey and the Scouts
1578,Kimmortal
1579,Rachel Maria Cox
1580,Octo Octa
1581,Alice Ivy
1582,Kindness
1583,Dorian Electra
1584,Sports Bra
1585,Andrew Broder
1586,SuperKnova
1587,Cry Club
1588,Sir Babygirl
1589,Mavi Phoenix
1590,Madame Gandhi
1591,Godford
1592,Lonelyspeck
1593,RVG
1594,CJ Run
1595,Grayson
1596,Shawnee
1597,Zann Foth
1598,Rae Spoon
1599,closegood
1600,Ah-Mer-Ah-Su
1601,Girlpool
1602,teddy<3
1603,bell's roar
1604,Shygirl
1605,Honey Dijon
1606,India Jordan
1607,LSDXOXO
1608,Hannah Holland
1609,Elkka
1610,Midland
1611,Dimitri From Paris
1612,Louisahhh
1613,Romy
1614,Cakes da Killa
1615,Horse Meat Disco
1616,ABSOLUTE.
1617,Kiddy Smile
1618,CAYAM
1619,TAAHLIAH
1620,Meg Ward
1621,Object Blue
1622,Giolì & Assia
1623,Joshua James
1624,Tygapaw
1625,Lynks
1626,Fatima Al Qadiri
1627,Grove
1628,The Blessed Madonna
1629,Wax Wings
1630,Hercules & Love Affair
1631,Bored Lord
1632,Sega Bodega
1633,LCY
1634,NIMMO
1635,GAIKA
1636,Zebra Katz
1637,LYZZA
1638,Sassy 009
1639,Moore Kismet
1640,Lupa J
1641,rRoxymore
1642,gayphextwin
1643,Laurel Halo
1644,DJ Haram
1645,KDA
1646,Faka
1647,Hope Tala
1648,Emily McMichael
1649,Ash Olsen
1650,Pillow Queens
1651,Syd
1652,Ilgen-Nur
1653,Lava La Rue
1654,BLOXX
1655,Dream Wife
1656,Joesef
1657,Liz Lawrence
1658,GIRLI
1659,THE BLOSSOM
1660,Lauren Auder
1661,Martha Hill
1662,The Internet
1663,Okay Kaya
1664,BEGINNERS
1665,TORRES
1666,Keep Dancing Inc
1667,Lo Knowles
1668,Alex the Astronaut
1669,Ceréna
1670,Evvol
1671,Better Person
1672,Magic Island
1673,Jealous
1674,Wafia
1675,Minelli
1676,Tinlicker
1677,Fred again..
1678,Elderbrook
1679,Jayda G
1680,Goodboys
1681,RÜFÜS DU SOL
1682,Ewan McVicar
1683,Axel Black & White
1684,Danny Quest
1685,TSHA
1686,ILIRA
1687,Tony Igy
1688,GAMPER & DADONI
1689,Petey Martin
1690,Hook N Sling
1691,Wh0
1692,Jack Wins
1693,MALARKEY
1694,Darin
1695,Matisse & Sadko
1696,Piero Pirupa
1697,Marc Benjamin
1698,Gilligan Moss
1699,kryptogram
1700,Ali Story
1701,Mi Casa
1702,salute
1703,DJ Licious
1704,Duck Sauce
1705,Belters Only
1706,Flight Facilities
1707,Bodysync
1708,Jubël
1709,Shoffy
1710,Tez Cadey
1711,Seeb
1712,Klangkarussell
1713,Parra for Cuva
1714,Shallou
1715,filous
1716,Hearts & Colors
1717,The Avener
1718,Wingtip
1719,Claptone
1720,Fritz Kalkbrenner
1721,Poolside
1722,Ten Walls
1723,Hanson
1724,Ms. Lauryn Hill
1725,Mr. Big
1726,Blue
1727,Def Squad
1728,T La Rock
1729,MC Serch
1730,Nikki D
1731,Boss
1732,Nice & Smooth
1733,SR
1734,Fredo
1735,Idi Akz
1736,Nemzzz
1737,Dave
1738,PS Hitsquad
1739,M24
1740,Digga D
1741,Country Dons
1742,Akz
1743,Morrisson
1744,Dezzie
1745,Fizzler
1746,Kidwild
1747,V9
1748,Desperado
1749,Queen Millz
1750,Sleepy Hallow
1751,Millie Go Lightly
1752,Smallgod
1753,Future Utopia
1754,blackwave.
1755,Cap Kendricks
1756,Alfa Mist
1757,Syrup
1758,Bluestaeb
1759,Kyle McEvoy
1760,Koralle
1761,Awon
1762,Revolutionary Rhythm
1763,Benaddict
1764,Nix Northwest
1765,Jazzbois
1766,Kofi Stone
1767,Handbook
1768,Summers Sons
1769,Jazz Liberatorz
1770,PENPALS
1771,JuJu Rogers
1772,Devaloop
1773,The Mouse Outfit
1774,LESKY
1775,Flitz&Suppe
1776,EllMatic
1777,Ol' Burger Beats
1778,REMI
1779,Modha
1780,Godfather Don
1781,Ivan Ave
1782,Kid Abstrakt
1783,Ben Beal
1784,TheColorGrey
1785,Ezra Collective
1786,Damu The Fudgemunk
1787,K. Sparks
1788,Anti Lilly
1789,Elaquent
1790,Flatpocket
1791,Coops
1792,Hemlock Ernst
1793,Malaki
1794,The BREED
1795,Abstract Orchestra
1796,MANIK MC
1797,2nd Exit
1798,Mr. Käfer
1799,Ras
1800,Loop Faction
1801,Thelonious Coltrane
1802,CYNE
1803,Mz Boom Bap
1804,KeepVibesNear
1805,sadeyes
1806,CRIM
1807,Lund
1808,MASN
1809,Boon
1810,Skinny Atlas
1811,Olmos
1812,Marco Luka
1813,Noah Cunane
1814,Phazzze
1815,YOG$
1816,diveliner
1817,Ollie
1818,guardin
1819,IVOXYGEN
1820,80purppp
1821,One Hope
1822,Vorsa
1823,44phantom
1824,yung van
1825,7ru7h
1826,steve breaux
1827,Clever
1828,idkjack
1829,Cairn
1830,Crawly
1831,Elko
1832,Memoria XI
1833,Ohsolow
1834,Mach-Hommy
1835,Kipp Stone
1836,REASON
1837,Bocha
1838,Jedi Mind Tricks
1839,Geechy
1840,Your Old Droog
1841,Lute
1842,Ransom
1843,Dom Vallie
1844,Riovaz
1845,YT
1846,Coco & Clair Clair
1847,Cl4pers
1848,So Supa
1849,payton
1850,Redda
1851,Grimlxck
1852,Feni
1853,Headband Andy
1854,Vyne
1855,Lando Bando
1856,777villain
1857,YNG Martyr
1858,lil.eaarl
1859,Sha Ek
1860,Yung Skrrt
1861,KEY!
1862,Father
1863,WHOKILLEDXIX
1864,DANI ZEN
1865,DVRST
1866,niteboi
1867,WEEDMANE
1868,PRXSXNT FXTURE
1869,LXST CXNTURY
1870,gelowler
1871,HXVRMXN
1872,Ghostface Playa
1873,Pharmacist
1874,MC ORSEN
1875,PlayaPhonk
1876,MUPP
1877,SHADXWBXRN
1878,plenka
1879,CASH GROWE
1880,TUNDRAMANE
1881,Phonk Killer
1882,FISTICALE
1883,Luga
1884,FORGOTTENAGE
1885,Jidanofu
1886,XHNORT
1887,SMKY LPRD
1888,Haarper
1889,V21
1890,HOSPICEMANE
1891,CREEPYMANE
1892,7oh2
1893,$werve
1894,MXRGX
1895,Hensonn
1896,STXRZ
1897,Hikki Gaya
1898,Ryder Spot
1899,SXGXVX
1900,Ya$h
1901,Cloudymane
1902,$witchblade
1903,OBLXKQ
1904,BADTRIP MUSIC
1905,AntXres
1906,Tokyomane
1907,PHONK WALKER
1908,Pluxry SkUrt
1909,Kayou.
1910,glexks
1911,BLXCKBUSTA
1912,Bad Smith
1913,MXRTAL
1914,OGNEYAR
1915,SCXR SOUL
1916,Yavomag
1917,BIPOLYARNIY
1918,Save Haku
1919,Sxmpra
1920,wex
1921,Jadeci
1922,IGARASHI KANTA
1923,Dann
1924,Ihaveonechance
1925,Duckwrth
1926,Jaden
1927,TOBi
1928,Keys Open Doors
1929,Hush Forte
1930,99 Neighbors
1931,UGK
1932,Dorrough Music
1933,Eve
1934,Lil Jon & The East Side Boyz
1935,Trillville
1936,Smilez and Southstar
1937,Youngbloodz
1938,Yung L.A.
1939,RUNXGUN
1940,¥ellow Bucks
1941,LEX
1942,Khundi Panda
1943,BLXKBOYZ
1944,5lack
1945,Rai Anvio
1946,Nicholas Craven
1947,Lu-Kusa Woe
1948,Rob49
1949,Way Ched
1950,MeerFly
1951,WISE
1952,Mortal Rhyme
1953,Maruxa Lynd
1954,Kresnt
1955,True Story Gee
1956,Leikeli47
1957,NICKTHEREAL
1958,Densky9
1959,Woo
1960,Livingroom.
1961,Fakie Funk
1962,Cyra Gwynth
1963,KOONTA
1964,prettyXIX
1965,Beals L.E.S
1966,BIG Naughty
1967,Shanii22
1968,Oyami
1969,Westsidejhitt
1970,Baby Money
1971,Hotboy Wes
1972,BigWalkDog
1973,JMB Juvie
1974,Offset Jim
1975,Pote Baby
1976,Co Cash
1977,Godfather of Harlem
1978,Yung Pooda
1979,NO1-NOAH
1980,Landstrip Chip
1981,Traetwothree
1982,Drama
1983,F.L.Y. (Fast Life Yungstaz)
1984,Queen Pen
1985,Trina
1986,Paula Perry
1987,Amil
1988,Bahamadia
1989,Ms. Jade
1990,StarBoi3
1991,Big Boss Vette
1992,Lil PJ
1993,Hurricane Wisdom
1994,Unfoonk
1995,Gang51e June
1996,FBG GOAT
1997,LanceDaYungin
1998,Swiss
1999,Ty
2000,Nu Brand Flexxx ft. Maxwell D
2001,M-Beat
2002,The Streets
2003,Sticky
2004,Chip
2005,Ruff Swad
2006,Boyadee
2007,Tippa Irie
2008,Sincere
2009,Smiler
2010,Nasty Jack
2011,Devlin
2012,Architechs
2013,Maxsta
2014,Gracious K
2015,Flowdan
2016,Bleed From Within
2017,Wolves At The Gate
2018,The Halo Effect
2019,Battle Beast
2020,Breathe Atlantis
2021,Imminence
2022,VRSTY
2023,Cyan Kicks
2024,Death Blooms
2025,Amaranthe
2026,Architects
2027,Solence
2028,Otherwise
2029,Fire From The Gods
2030,Seether
2031,FEVER 333
2032,Chevelle
2033,HELLYEAH
2034,While She Sleeps
2035,coldrain
2036,Prophets Of Rage
2037,Hyro The Hero
2038,Saul
2039,Devour the Day
2040,COUNTERFEIT.
2041,My Ticket Home
2042,White Zombie
2043,Prong
2044,DOWN
2045,Pain
2046,Beast In Black
2047,Manimal
2048,Dynazty
2049,H.E.A.T
2050,Night Demon
2051,Kambrium
2052,Orden Ogan
2053,Dirkschneider & The Old Gang
2054,Psychework
2055,Eclipse
2056,NanowaR of Steel
2057,Bloody Hammers
2058,Metal Church
2059,Warkings
2060,Light The Torch
2061,Arion
2062,Burning Witches
2063,Bodom After Midnight
2064,Majestica
2065,Cyhra
2066,Rhapsody Of Fire
2067,Demons & Wizards
2068,Hellryder
2069,Motorjesus
2070,Bloodbound
2071,Bloodred Hourglass
2072,Tungsten
2073,U.D.O.
2074,Lion's Share
2075,Savage Messiah
2076,Laurenne / Louhimo
2077,Steel Prophet
2078,Pretty Maids
2079,Darkhaus
2080,Kissin' Dynamite
2081,Metalite
2082,KK's Priest
2083,Ember Falls
2084,Enforcer
2085,Dines X Heafy
2086,Enemy Inside
2087,Spirit Adrift
2088,Lords of Black
2089,Loathe
2090,Stengah
2091,Persefone
2092,Cult Of Luna
2093,Swallow The Sun
2094,Nekrogoblikon
2095,Emigrate
2096,Caligula's Horse
2097,Torrential Rain
2098,Allegaeon
2099,VOLA
2100,Oddland
2101,Soen
2102,IOTUNN
2103,In Mourning
2104,Seas on the Moon
2105,Sólstafir
2106,Wheel
2107,Eastern High
2108,Be'lakor
2109,Riverside
2110,Exist Immortal
2111,Sons Of Apollo
2112,Psychotic Waltz
2113,Vulture Industries
2114,Lunatic Soul
2115,Pain of Salvation
2116,HYVMINE
2117,Somehow Jo
2118,Klone
2119,Antariksh
2120,Confusing Paradise
2121,Once Human
2122,Maraton
2123,Sleep Token
2124,August Burns Red
2125,Frost*
2126,Infected Rain
2127,Kryn
2128,Fireproven
2129,Cellar Darling
2130,Toothgrinder
2131,Gracchus
2132,22
2133,Darkwater
2134,Liquid Tension Experiment
2135,NUTRONIC
2136,God Is An Astronaut
2137,Teramaze
2138,The End At The Beginning
2139,Black Orchid Empire
2140,Jinjer
2141,ONI
2142,Monuments
2143,Tides From Nebula
2144,Silver Lake by Esa Holopainen
2145,Shattered Skies
2146,Between The Buried And Me
2147,Veio
2148,Krakow
2149,Jack The Joker
2150,Pyramaze
2151,Flying Colors
2152,Atomic Symphony
2153,Windrunner
2154,Fiends
2155,Circles
2156,Cynic
2157,Thy Catafalque
2158,TesseracT
2159,The Odious
2160,Harakiri for the Sky
2161,Behemoth
2162,Dissection
2163,Abbath
2164,Cradle Of Filth
2165,Marduk
2166,Xasthur
2167,Absu
2168,Lord Belial
2169,Blut Aus Nord
2170,DØDSENGEL
2171,Funeral Mist
2172,Judas Iscariot
2173,Abigor
