,0
0,GAYLE
1,ACRAZE
2,THE ANXIETY
3,NEIKED
4,LISA
5,ROSALÍA
6,BoyWithUke
7,Queen
8,Eagles
9,Steppenwolf
10,Blondie
11,Tom Petty and the Heartbreakers
12,Boston
13,The Verve
14,Simple Minds
15,Stealers Wheel
16,America
17,Derek & The Dominos
18,The Kingsmen
19,Beck
20,Kansas
21,The Hollies
22,Jefferson Airplane
23,The Cars
24,Prince
25,Muse
26,Free
27,Buffalo Springfield
28,Talking Heads
29,INXS
30,Steve Miller Band
31,The Kinks
32,Rush
33,T. Rex
34,Heart
35,Mountain
36,Mike Dimes
37,Drake
38,Culture Jam
39,BIA
40,Khalid
41,Blxst
42,Aaliyah
43,Tems
44,Lonr.
45,Mario
46,Chlöe
47,Gallant
48,Bill Charlap Trio
49,Cory Weeds
50,Joe Farnsworth
51,Farnell Newton
52,Jim Snidero
53,Triosence
54,Mareike Wiening
55,Matthew Halsall
56,Amaro Freitas
57,Lorenzo Tucci
58,Joshua Espinoza
59,Art Hirahara
60,Lo Greco Bros Quartet
61,Rasmus Holm Quartet
62,Anders Mogensen
63,Claus Waidtløw
64,Svante Söderqvist
65,Thomas Agergaard
66,David Halliday
67,John Engels
68,Ola W Jansson
69,Jeremy Pelt
70,Tingvall Trio
71,Kamasi Washington
72,Rob Barron
73,Gabriel Latchin Trio
74,Sebastian Zawadzki
75,Tim Garland
76,Ben Flocks
77,Jeff Rupert
78,Denis Solee
79,Massimo Faraò Trio
80,Yoko Miwa Trio
81,Trygve Seim
82,Joshua Redman Quartet
83,Mark Sherman
84,Branford Marsalis Quartet
85,Paolo Fresu
86,Eddie Henderson
87,Jimmy Forrest
88,Jan Harbeck Quartet
89,Emil Brandqvist
90,Andy Sheppard Quartet
91,Alfio Origlio
92,Gene Ammons
93,Oscar Peterson Trio
94,Esbjörn Svensson Trio
95,Beegie Adair
96,Helge Lien Trio
97,Renee Rosnes
98,European Jazz Trio
99,Bob Brookmeyer
100,Walt Weiskopf
101,John Moulder
102,The Hot Sardines
103,Nicholas Payton
104,Fred Hersch Trio
105,Tord Gustavsen Trio
106,Seamus Blake
107,Julian Dash
108,Xavier Davis
109,Karin Hammar
110,Yuri Honing Acoustic Quartet
111,Joran Cariou Trio
112,Fredrik Kronkvist
113,Rolf Kühn
114,Echoes of Swing
115,Massimo Colombo
116,Aldo Romano
117,Trio X of Sweden
118,Nestor Torres
119,Ben Wolfe
120,Bill Mobley
121,Marcus Gilmore
122,Dan Cray Trio
123,"Tommy Flanagan, Ron Carter & Tony Williams"
124,Brad Mehldau Trio
125,Anthony Wonsey Trio
126,Christian Scott aTunde Adjuah
127,Roger Kellaway
128,Eyolf Dale
129,Brian Blade & The Fellowship Band
130,Passport Quartet
131,Jan Lundgren Trio
132,Anat Fort
133,Connie Han
134,Bobo Stenson Trio
135,Ray Bryant
136,Yelena Eckemoff
137,Christian McBride Trio
138,Dumpstaphunk
139,Philip Sayce
140,The Cold Stares
141,Five Points Gang
142,Bernard Allison
143,Paulo Mendonca
144,Selwyn Birchwood
145,Fantastic Negrito
146,Andreas Kümmert
147,Bryce Janey
148,Ben Poole
149,Kris Barras Band
150,King King
151,Philip Sayce Group
152,Black Stone Cherry
153,Tony Spinner
154,Simon McBride
155,Phat Phunktion
156,Roosevelt Collier
157,Big Head Todd and The Monsters
158,Tommy Castro
159,Jessy Martens and Band
160,Eric Gales
161,Henrik Freischlader
162,Robert Randolph & The Family Band
163,Anthony Gomes
164,Joanne Shaw Taylor
165,Gugun Power Trio
166,Saint Jude
167,Cry Of Love
168,Gov't Mule
169,Alvin Youngblood Hart
170,Parmalee
171,Kolby Cooper
172,CHASE WRIGHT
173,BROWN & GRAY
174,Jules Massenet
175,Gabriel Fauré
176,Samuel Coleridge-Taylor
177,Joseph Boulogne Chevalier de Saint-Georges
178,Florence Beatrice Price
179,Jess Gillam
180,Frederick Delius
181,Ottorino Respighi
182,Max Bruch
183,Christoph Willibald Gluck
184,Austin Wintory
185,Stanley Myers
186,Alexander Glazunov
187,Carl Orff
188,Remo Giazotto
189,Louise Farrenc
190,Germaine Tailleferre
191,Anton Bruckner
192,François Couperin
193,Leoš Janáček
194,Erich Wolfgang Korngold
195,Rvssian
196,zzoilo
197,Ivan Cornejo
198,Camilo
199,Boza
200,Ryan Castro
201,Randy
202,Cris Mj
203,MAX
204,Declan J Donovan
205,Luz
206,Mokita
207,Anne-Marie
208,Elina
209,Blake Rose
210,Griff
211,Ashe
212,WATTS
213,LÉON
214,LOVA
215,PJ Harding
216,Conor Matthews
217,Imanbek
218,MEDUZA
219,Gryffin
220,Topic
221,Internet Money
222,Lady Bee
223,John Summit
224,Gaullin
225,Navos
226,GASHI
227,Sunnery James & Ryan Marciano
228,Ofenbach
229,Rêve
230,CJ
231,KREAM
232,Never Sleeps
233,SIDEPIECE
234,David Solomon
235,Alok
236,Toby Romeo
237,BIJOU
238,Robin M
239,Duke & Jones
240,BODYWORX
241,SLANDER
242,Zeds Dead
243,ZHU
244,BLVD.
245,Eli & Fur
246,Feder
247,JOYRYDE
248,Seven Lions
249,BROHUG
250,Bleu Clair
251,FISHER
252,Tita Lau
253,RAYE
254,Brooks
255,Josement
256,Young T & Bugsey
257,KenTheMan
258,Remble
259,FL Dusa
260,Smiley
261,Wale
262,MOUNT WESTMORE
263,Young Stoner Life
264,Bas
265,Shakira
266,Majestic
267,Shouse
268,Badflower
269,The Mysterines
270,Crawlers
271,Jack Kays
272,Mammoth WVH
273,Sueco
274,IDLES
275,Ayron Jones
276,Bad Wolves
277,Des Rocs
278,WILLOW
279,"nothing,nowhere."
280,Dirty Heads
281,Liily
282,Junior M.A.F.I.A.
283,Redman
284,Luniz
285,Naughty By Nature
286,Hi-Tech
287,The Pharcyde
288,Gang Starr
289,Grand Puba
290,Souls Of Mischief
291,Poor Righteous Teachers
292,Camp Lo
293,Rakim
294,Raekwon
295,Pete Rock & C.L. Smooth
296,MC Breed
297,Hunxho
298,Cootie
299,Roddy P
300,Wacotron
301,2FeetBino
302,Rot Ken
303,Jay Bezzy
304,YSN Fab
305,Whookilledkenny
306,Kali
307,CEO Trayle
308,Jaah SLT
309,BBY KODIE
310,Never Broke Again
311,Lancey Foux
312,Kuttem Reese
313,Eli Fross
314,Nana
315,Bobby Fishscale
316,Fresco Trey
317,FBG GOAT
318,The Diplomats
319,Lost Boyz
320,Pras
321,Ashanti
322,Lloyd
323,Usher
324,Monica
325,Sammie
326,Mýa
327,twocolors
328,Dark Heart
329,DLMT
330,Lucas Estrada
331,Purple Disco Machine
332,HUGEL
333,HVME
334,Coldabank
335,Dubdogz
336,The Stickmen Project
337,Tobtok
338,Chico Rose
339,Bingo Players
340,PS1
341,Paradigm
342,M-22
343,PRE55URE
344,Rain Radio
345,LP Giobbi
346,BURNS
347,Chapter & Verse
348,Oxia
349,Simon Fava
350,Mr. Belt & Wezol
351,Phil The Beat
352,SNBRN
353,AmyElle
354,Noizu
355,Jay Pryor
356,Bexxie
357,EKAE
358,Fred again..
359,DEATH2KALON
360,Portion
361,Wil Akogu
362,Lul Bob
363,YSB Tril
364,Kwe the Artist
365,Judah
366,Cb Cbzzybaby
367,Jaywall
368,Poundside Pop
369,Limitless
370,Sico Vox
371,La Toya Linger
372,Kybba
373,JSnake
374,Demarco
375,Lkhn
376,Robin Roxette
377,Blaiz Fayah
378,Dj Flavor
379,Its Natascha
380,Vunzige Deuntjes Soundsystem
381,Beach Boii
382,Fernandez
383,KARYO
384,Hayvee
385,Tribal Kush
386,Karl Wine
387,Emiz
388,Fastah Selectah
389,Ward 21
390,Andres Couper
391,Lion Fiah
392,Buskilaz
393,Dj Leska
394,Menasa
395,Zum
396,Karixon
397,Jahyanai
398,Leftside
399,morgxn
400,Two Friends
401,Trousdale
402,Hajaj
403,SAINT PHNX
404,Valerie Broussard
405,Daisy the Great
406,Mark Mendy
407,ARIA
408,Josefine
409,Szaby
410,Moosa Saleem
411,Jshinning
412,Stunnaman02
413,Kyle Banks
414,Wallie the Sensei
415,Aminé
416,aroomfullofmirrors
417,Offset Jim
418,Cassie
419,Loon
420,G. Dep
421,Total
422,112
423,Diddy - Dirty Money
424,Da Band
425,Da Beatfreakz
426,Arz
427,A1 x J1
428,Meekz
429,SL
430,MORGAN
431,Mahalia
432,French The Kid
433,Goya Menor
434,Morrisson
435,Lojay
436,Wauve
437,The Wombats
438,Klaxons
439,Hard-FI
440,Razorlight
441,The Vaccines
442,Scouting For Girls
443,Bombay Bicycle Club
444,Reverend And The Makers
445,Circa Waves
446,Toploader
447,Wheatus
448,The Dandy Warhols
449,Will Joseph Cook
450,Spring King
451,VANT
452,The Night Café
453,Vistas
454,Dancing On Tables
455,The Academic
456,Larkins
457,Picture This
458,DMA'S
459,Blanks
460,Sea Girls
461,Phoenix
462,Lustra
463,Fountains Of Wayne
464,Sugarcult
465,Taking Back Sunday
466,Story Of The Year
467,The Ataris
468,Jet
469,Ram Jam
470,Faith No More
471,Europe
472,Spin Doctors
473,The Raconteurs
474,Conway the Machine
475,Sleepy Hallow
476,Strick
477,ill peach
478,Kurtis Wells
479,LIL DUSTY G
480,jungle bobby
481,Terry Presume
482,tsubi club
483,Weston Estate
484,Bakar
485,Belaganas
486,Aries
487,Baird
488,Lance Skiiiwalker
489,namou
490,KNOWN.
491,Oliver Malcolm
492,Cain Culto
493,Afourteen
494,aldn
495,Phil Good
496,bennytheghost
497,GENER8ION
498,Paris Texas
499,Yeek
500,JAWNZA
501,Flowerboy
502,One Hope
503,kurtains
504,ego apartment
505,Andrea Chahayed
506,maxime.
507,SEB
508,Araya
509,ceo@business.net
510,adam brian paul
511,LAUNDRY DAY
512,THE BLOSSOM
513,Prettyboyworldwyde
514,Terrell Hines
515,Wiley from Atlanta
516,TOBi
517,August Royals
518,Genesis Owusu
519,Sad Night Dynamite
520,Sally Boy
521,flowerovlove
522,JAWNY
523,papichuloteej
524,WizTheMc
525,Sam Gellaitry
526,Angelo Mota
527,Duckwrth
528,Chuck Sutton
529,Zanski
530,Bickle
531,Deb Never
532,Finn Foxell
533,young friend
534,Brevin Kim
535,808vic
536,Kevin Holliday
537,Blood Cultures
538,Boon
539,Biig Piig
540,Santangelo
541,Riovaz
542,aldrch
543,Sam Austins
544,Kevin George
545,Junior Varsity
546,Tino Sutra
547,tendai
548,PawPaw Rod
549,Jim-E Stack
550,papa mbye
551,SAIAH
552,Nana Lourdes
553,Aaron Taos
554,Moglii
555,Kid Smoko
556,Young Saab
557,Benét
558,James Ivy
559,SomaDina
560,Unusual Demont
561,Cola H.
562,Popcoin
563,Josh Fudge
564,Dijon
565,Wallice
566,Nilüfer Yanya
567,Flozigg
568,whiterosemoxie
569,GRIP
570,spill tab
571,Obongjayar
572,Saba
573,EKKSTACY
574,Corbin
575,dexter
576,AUNDREY GUILLAUME.
577,poolfire
578,HVN
579,Jelani Aryeh
580,Porches
581,reggie
582,Busu
583,Syd
584,Powers Pleasant
585,Mazen
586,Wiki
587,MICHELLE
588,Blake Saint David
589,Elujay
590,Dora Jar
591,Jordana
592,Haich Ber Na
593,boylife
594,Provoker
595,psykhi
596,ernest rareberrg
597,guardin
598,juno
599,Aiyana-Lee
600,Klaas
601,Sipper
602,Abe Parker
603,Adam Turley
604,Mixed Matches
605,han.irl <3
606,tiffi
607,Ca$his
608,Sophie Holohan
609,Wells*
610,Ethan P. Flynn
611,Coyote Theory
612,Jadu Jadu
613,Daniel Blume
614,Elsie Mae
615,familypet
616,Teqkoi
617,Jperk
618,Nissim Black
619,Yana Bey
620,Bamily
621,Anya Gupta
622,Rose Cousins
623,Lucky Rose
624,Hurricane Wisdom
625,Yung Skrrt
626,s0cliché
627,Michael Bibi
628,Sharp Dialect
629,Fay Wildhagen
630,North Mississippi Allstars
631,Emily Muli
632,Zach Oliver
633,Faime
634,Séb Mont
635,Nikonn
636,Chris Patrick
637,Marlon Craft
638,Kai Ca$h
639,Bando.
640,IDK
641,Cookin Soul
642,Nascent
643,Free Party
644,Russ
645,Tru
646,Chanelle Kazadi
647,Bobby Sessions
648,Doley Bernays
649,Mosez Jones
650,DijahSB
651,Harriis
652,Malz Monday
653,Skyzoo
654,Al-Doms
655,Matt McGhee
656,Jesse Boone
657,Dave B.
658,MAVI
659,Stove God Cooks
660,Jay Worthy
661,MFnMelo
662,The Walters
663,MyKey
664,Still Woozy
665,Men I Trust
666,Harriette
667,Hether
668,the booyah! kids
669,Fleece
670,Teenage Priest
671,Huron John
672,Wabie
673,Yot Club
674,Mild High Club
675,Mickey Darling
676,Kate Bollinger
677,Smoothboi Ezra
678,Ralph Castelli
679,fanclubwallet
680,Sports
681,carpetgarden
682,Boyish
683,Monsune
684,Sunset Rollercoaster
685,Luke Wild
686,Freak Slug
687,Forrest Nolan
688,j ember
689,The Rare Occasions
690,Emmett Mulrooney
691,CASTLEBEAT
692,RICEWINE
693,Orion Sun
694,Far Caspian
695,BETWEEN FRIENDS
696,Rebounder
697,KALI
698,Public Library Commute
699,Vansire
700,Strawberry Guy
701,No Vacation
702,Los Retros
703,Ginger Root
704,gigi
705,Ian Hugel
706,Oscar Welsh
707,okayceci
708,Frances Forever
709,Claud
710,dacelynn
711,Dreamer Boy
712,Grady
713,Posh Chocolates
714,Slacker Jack's
715,pedrolina.
716,ding m
717,Senoidal
718,halfpastseven
719,Timestreet
720,Poetics
721,LelleXCX
722,The Graph
723,Dan Betz
724,Tamala Bay
725,Blackburri
726,ChillsmokeႿ
727,m3lly
728,Maci
729,HM Surf
730,niff_
731,scratchine
732,Kid Kio
733,"Beats Me, Innit?"
734,Slow Fidelity
735,Wishard
736,Dusty Decks
737,Featherfail
738,Revoir
739,Tailwinds
740,Ricardo Schneider
741,Dondie
742,Airship River
743,Louk
744,Gibbon Baby
745,kudo
746,phonadium
747,Arcade Portal
748,Guustavv
749,All In One Day
750,Lester Nowhere
751,Idyllik Beat
752,cruzcamra
753,florentine
754,Madbank
755,PIÑA PINK
756,Caicey
757,FREJA
758,Hans Hu$tle
759,Fluurish_ish
760,Zho Zho
761,Laffey
762,lostoutside
763,heavy tone
764,shapeofbeatz
765,Duos On Mars
766,francesco MG
767,Jhove
768,Vens Adams
769,Bamboozled Bumblebee
770,hope mona
771,Widefoot
772,fox
773,"oh, the joy."
774,santpoort
775,rsbd
776,suburban sad
777,Miki Maou
778,Pluto Tracks
779,Devon Rea
780,foursite
781,Carborator
782,colours in the dark
783,Obie Hans
784,mashhha
785,Lightbulb Factory
786,Kanisan
787,Fractite
788,Wasted Glitter
789,Ho-Sook
790,Skyplanter
791,Oboe.
792,Charlie Tea
793,Age of Departures
794,Detainment System
795,Chris Mazuera
796,Arbour
797,Hype Right
798,Hatchio
799,Oops 123
800,damaa.beats
801,Luna Rossa
802,Satoshi Nakamoto
803,Kolorama
804,Pastblink
805,Pop Sun
806,Mr Muddy
807,Ramsey Road
808,Miso Colt
809,tender spring
810,softy
811,frad
812,No Spirit
813,Bag'o Chips
814,Mindscape
815,Locals Only Sound
816,.ihaveaface
817,caesar torro
818,Hz.
819,Tibeauthetraveler
820,downstairs lantern
821,amelia liz
822,Strong.AL&
823,Rebornn.
824,Kainbeats
825,Muddy Mudd
826,coldbrew
827,Etzuko.
828,Oskar Hahn
829,Aso
830,Zen Park
831,Dream Phobia
832,Pat Laine
833,bugdawn
834,Jamie Von Chill
835,Slopoke
836,Finera
837,URCHN
838,cloudi
839,shogani
840,Mixtus
841,Who Dares Wins
842,Moodyears
843,Edwinn
844,class e
845,mood.
846,aesthetictypebeats
847,Criminal Plants
848,Wavy Naps
849,Billy Bass
850,Clique Epique
851,roeadey
852,meadowzz
853,Jacques Chillax
854,tres islas
855,maqhiavelli
856,reviie
857,Jimmy Neil
858,dovre
859,orcanite
860,Made in M
861,loyCOY
862,The Way It Izz
863,Vibe Vault
864,Phive O
865,Atium
866,Dontcry
867,Pensive Strider
868,Sinebreak
869,1ga
870,Calm Like Carl
871,Sidezz
872,Dagg Skelt
873,Tethered Ghosts
874,AOI
875,Dusty Rode
876,rchie
877,vibe academy
878,Saint Totoro
879,Drift Crew
880,Ferris Ferris
881,Ai Bolako
882,Byoushay Brothers
883,s t r o b e
884,Kotsaku
885,Golden Frame
886,greenface
887,Rory Callum
888,Sophia Lopez
889,Ginnypig
890,Diggy Downs
891,Grandmaster Tilden
892,cypherhound
893,Damien Seul
894,Abbesses Square
895,slån
896,Saif Amo
897,Uforbia
898,p!ke
899,densitydrive
900,Benjamin August
901,bax iv
902,Vera Fernandez
903,Mama Gecko
904,late tripper
905,frek!
906,Hector Mazza
907,Bokki
908,Sitting Duck
909,fresh from the oven
910,Sakloma24
911,Hoogway
912,halfv
913,Waveum
914,Kenzo Hill
915,cudlz
916,Almo X
917,Le Giles
918,Kid Gnasher
919,Olivier Abeille
920,Droxilyn
921,maja andino
922,r@ts
923,inbetweenjobs
924,Miller Jones
925,still yung
926,threefourfive
927,Tufflo
928,UniqeCorn
929,the sharp shooter
930,Rushee
931,Elengi
932,sativae
933,Moody Bit
934,Jelika
935,xJ-Will
936,_tag
937,Blue Zombie
938,Goudo J
939,Jens Nirme
940,Twinkz
941,yellow book
942,Alisen
943,Ashley Orikami
944,Prism Sorrow
945,kesno
946,kaj did it
947,SumPlusOne
948,Luigi Valentino
949,logan finneas
950,Chillowfy
951,pax million
952,Fires In The Dark
953,Pante H á
954,Kang
955,Idris Jem
956,Blue Motyl
957,Boredoom
958,jaxtun
959,Yoki Toy
960,Hi Hat Henry
961,Nostalgique
962,Mujo
963,PINANO
964,lola dreams
965,Ajmw
966,yengotti
967,middlesway
968,BATNAM
969,titicon
970,Wun Two
971,costa rossa
972,Lazy Leopard
973,HÖNS
974,Pierre Solvent
975,ilsey john
976,Interscope
977,Max Kellen
978,Soundlabs
979,ROOM7
980,Giorgio Robertini
981,Crate Diggers
982,Synkop
983,Trixie Muff
984,Joel Manson
985,Nadja Salkova
986,Tissi
987,natalie kenston
988,Beat Oven
989,Elisey
990,PawnShop Guy
991,sound butler
992,Psalm Trees
993,really big mountains
994,Ayotemi
995,mariagrep
996,Overpade
997,EMMY
998,Walkabout
999,Kaien Cruz
1000,Matt Ryder
1001,LUCA
1002,mirabelle.
1003,SARAPATA
1004,Bunny Lowe
1005,Grace Pelle
1006,K.ZIA
1007,Henry Verus
1008,Gnoir
1009,Bronze
1010,Hannah Cole
1011,Middle Part
1012,Kevin Powers
1013,Scubadiver
1014,Big Kill
1015,Anna Shoemaker
1016,Quelle Rox
1017,Sandy Benjamin
1018,Sobrino
1019,Nardean
1020,Milan Ring
1021,Boy Willows
1022,Mind Bath
1023,AVIV
1024,Scuti
1025,ALBRT
1026,Yehra
1027,Ella Langley
1028,Ford Chupik
1029,Telemona
1030,Devon Again
1031,Lily Kaplan
1032,esmerelda
1033,Danny Dwyer
1034,Ash Lune
1035,SIPHO.
1036,Haley Joelle
1037,TIMMS
1038,Hans.
1039,Sawyer
1040,Nate Traveller
1041,Zanderr Pierre
1042,TITUS BANK
1043,Aviad
1044,Meduulla
1045,Aliff Sharil
1046,Clay Western
1047,gardenstate
1048,Jo Mayasi
1049,Dom Ryan
1050,HAVEN
1051,Amber Ryann
1052,Aniya Teno
1053,Ella Isaacson
1054,Bebi Monsuta
1055,DACEY
1056,Tully John & Liza-Jane
1057,MKSTN
1058,Lamorn
1059,jackie
1060,Celine del Carmen
1061,Alice DiMar
1062,Dr. Dog
1063,Celeste
1064,Sparklehorse
1065,AURORA
1066,Angelo De Augustine
1067,RY X
1068,Valley Boy
1069,Hundred Waters
1070,Ayoni
1071,flowerkid
1072,Shungudzo
1073,Whitney
1074,Overcoats
1075,Petey
1076,Blaenavon
1077,The Howl & The Hum
1078,Samia
1079,Tapes
1080,Talos
1081,Elizabeth
1082,S. Carey
1083,This Is The Kit
1084,Aldous Harding
1085,Luna Delirious
1086,Lucy Dacus
1087,Sorcha Richardson
1088,Many Voices Speak
1089,Junodream
1090,Saint Sister
1091,Pet Deaths
1092,Jealous of the Birds
1093,Jessica Pratt
1094,Yo La Tengo
1095,Micah P. Hinson
1096,St. Panther
1097,Nightmares On Wax
1098,Asiahn
1099,Charlotte Day Wilson
1100,Joe Hertz
1101,Durand Jones & The Indications
1102,Sunni Colón
1103,Pale Jay
1104,clear eyes
1105,vbnd
1106,Khruangbin
1107,Glenn Astro
1108,BLK ODYSSY
1109,HNNY
1110,Mocky
1111,Benny Sings
1112,Greentea Peng
1113,Felbm
1114,Natty Reeves
1115,Dan Kye
1116,Onyx Collective
1117,Rosie Lowe
1118,Pip Millett
1119,박혜진 Park Hye Jin
1120,Healy
1121,Common Saints
1122,Elder Island
1123,Sirens Of Lesbos
1124,Otis Junior
1125,The Silhouettes Project
1126,Talibah Safiya
1127,Royce Wood Junior
1128,Gotts Street Park
1129,LOONY
1130,Chiiild
1131,Melodiesinfonie
1132,Adeline
1133,Simpson
1134,Yellow Days
1135,Jonah Yano
1136,B. Fisher
1137,FELIVAND
1138,Mndsgn
1139,Allysha Joy
1140,Athletic Progression
1141,SAULT
1142,vsteeze
1143,JGrrey
1144,Elina Filice
1145,Feral Suits
1146,Feiertag
1147,Adria Kain
1148,Nubiyan Twist
1149,Menahan Street Band
1150,Jaz Lund
1151,Jake Milliner
1152,Joshua J
1153,Rosie Frater-Taylor
1154,SALOMEA
1155,WAYNE SNOW
1156,Apollo Bebop
1157,Naia Izumi
1158,Farhot
1159,Odette Peters
1160,Cautious Clay
1161,Maple Syrup
1162,menace Santana
1163,Kodes
1164,Fresh laDouille
1165,Siaka
1166,Mig
1167,Gotti Maras
1168,MALTY 2BZ
1169,DENZO
1170,Pirate
1171,Oskoow
1172,ALP
1173,Gambino La MG
1174,Waïv
1175,Popey
1176,Jnr Slice
1177,Rsko
1178,Elh Kmer
1179,Bigor
1180,La F
1181,La Peee
1182,Brk
1183,L’As
1184,26keuss
1185,Slkrack
1186,Koffi Lossa
1187,Larsé
1188,Lamatrix
1189,Tiitof
1190,Oldpee
1191,Oby One
1192,VVES
1193,LE RISQUE
1194,Silke Plattenspieler
1195,Quadie Diesel
1196,Cheflodeezy
1197,Cold Ca$e
1198,MC Bravado
1199,Yc Goodfella
1200,avery j.
1201,Shwaee
1202,M.A.D.S.K.I.L.L.
1203,Bad Meets Evil
1204,Malachi Grant
1205,Gray
1206,Young Leaf
1207,Westside Connection
1208,Estelle
1209,MIKA
1210,Ciara
1211,Nelly
1212,Robyn
1213,Carpenters
1214,Mocedades
1215,The Bells
1216,The Dawn
1217,Pickettywitch
1218,Marshall Hain
1219,Wings
1220,Yusuf / Cat Stevens
1221,Peters & Lee
1222,Blue Mink
1223,R. Dean Taylor
1224,Marmalade
1225,Roger Voudouris
1226,Smokie
1227,Seals and Crofts
1228,New World
1229,The Fortunes
1230,The New Seekers
1231,The Osmonds
1232,Clout
1233,Captain & Tennille
1234,Cher
1235,The 5th Dimension
1236,Brotherhood of Man
1237,Bay City Rollers
1238,Peter McCann
1239,Racey
1240,Kenny Nolan
1241,Sailor
1242,The Rubettes
1243,Bo Donaldson & The Heywoods
1244,Middle Of The Road
1245,The Rubinoos
1246,The Jacksons
1247,Chicago
1248,Steely Dan
1249,10cc
1250,Daryl Hall & John Oates
1251,Orleans
1252,The Shadows
1253,Nazareth
1254,Styx
1255,Lobo
1256,Poco
1257,Player
1258,Jefferson Starship
1259,Badfinger
1260,Henry Gross
1261,Tower Of Power
1262,Rose Royce
1263,Foreigner
1264,Blue Magic
1265,The Persuaders
1266,Gladys Knight & The Pips
1267,Commodores
1268,The Three Degrees
1269,England Dan & John Ford Coley
1270,Little River Band
1271,The Stylistics
1272,Dr. Hook
1273,The Bellamy Brothers
1274,Peaches & Herb
1275,Harold Melvin & The Blue Notes
1276,Starland Vocal Band
1277,Robert John
1278,The Manhattans
1279,The Chi-Lites
1280,Donny & Marie Osmond
1281,Lady Wray
1282,Mōzi
1283,RuthAnne
1284,Katie Pruitt
1285,Bruno Major
1286,Anduze
1287,Vanmiran
1288,Lawrence
1289,Delta Maid
1290,Jordy Searcy
1291,Patrick Droney
1292,The Dip
1293,Ayelle
1294,JNR WILLIAMS
1295,Yola
1296,Charlotte Leigh
1297,The Teskey Brothers
1298,Oscar Blue
1299,UMI
1300,Lake Street Dive
1301,Jesse Barrera
1302,Abraham Alexander
1303,Moss Kena
1304,Brooke Sierra
1305,Lo Moon
1306,Nina Soro
1307,Datsunn
1308,Jasmine Cephas-Jones
1309,Loren Kramar
1310,Brandon
1311,Jay Valera
1312,Cody Dear
1313,Savannah Conley
1314,Willum Maindo
1315,Barbra Lica
1316,Juke Ross
1317,"Peter, Paul and Mary"
1318,The Band
1319,Peter Sarstedt
1320,"Crosby, Stills & Nash"
1321,The Magnetic Fields
1322,Rhiannon Giddens
1323,Indigo Girls
1324,Adam Torres
1325,Nico
1326,The Alan Parsons Project
1327,Soul Coughing
1328,Black Sheep
1329,Stereo MC's
1330,Eric B. & Rakim
1331,Boogie Down Productions
1332,Soon E Mc
1333,Black Star
1334,Brandy
1335,Zack Hemsey
1336,Drowning Pool
1337,Dope
1338,Soil
1339,Black Label Society
1340,Airbourne
1341,In Flames
1342,Godsmack
1343,Dream Theater
1344,Volbeat
1345,Killswitch Engage
1346,Fear Factory
1347,Children Of Bodom
1348,Arch Enemy
1349,Obituary
1350,Exodus
1351,Ill Niño
1352,Anthrax
1353,Amon Amarth
1354,DevilDriver
1355,Skid Row
1356,Helloween
1357,Queensrÿche
1358,Cinderella
1359,W.A.S.P.
1360,White Lion
1361,Stratovarius
1362,Annihilator
1363,ANGRA
1364,Iced Earth
1365,Manowar
1366,Testament
1367,Rainbow
1368,Ratt
1369,Sonata Arctica
1370,Edguy
1371,Sentenced
1372,Poison
1373,Rhapsody Of Fire
1374,Bonfire
1375,Dokken
1376,Anathema
1377,Kingdom Come
1378,Crazy Town
1379,Powerman 5000
1380,Staind
1381,Trapt
1382,Flaw
1383,Soulfly
1384,Earshot
1385,Orgy
1386,TRUSTcompany
1387,Taproot
1388,Coal Chamber
1389,Primer 55
1390,Spineshank
1391,Adema
1392,Dry Kill Logic
1393,Deadsy
1394,The Union Underground
1395,Machine Head
1396,Pitchshifter
1397,Finger Eleven
1398,Cold
1399,Danzig
1400,Quiet Riot
1401,Accept
1402,Saxon
1403,Tygers Of Pan Tang
1404,Riot
1405,Angel Witch
1406,Celtic Frost
1407,Running Wild
1408,Mercyful Fate
1409,Michael Schenker Group
1410,Praying Mantis
1411,Sodom
1412,Armored Saint
1413,Winger
1414,The Rods
1415,Krokus
1416,Behemoth
1417,The Veer Union
1418,Destruction
1419,The Last Ten Seconds of Life
1420,Black Map
1421,Shadow of Intent
1422,Ember Falls
1423,Torrential Rain
1424,From Fall to Spring
1425,Future Palace
1426,Solarus
1427,BEFORE MY LIFE FAILS
1428,Gutrectomy
1429,BAEST
1430,One Morning Left
1431,Viscaya
1432,Sunfall
1433,Devil In Me
1434,Deserted Fear
1435,Nocturna
1436,Napalm Death
1437,ALESTI
1438,Annisokay
1439,Voivod
1440,Halocene
1441,As I Lay Dying
1442,Rising Insane
1443,Angelmaker
1444,Infected Rain
1445,Outline In Color
1446,Eye of Melian
1447,Written by Wolves
1448,Atlas
1449,Blackbriar
1450,Siamese
1451,Karnivool
1452,The Anix
1453,VRSTY
1454,Fear Of Domination
1455,Oceans
1456,Dymytry
1457,Crowbar
1458,Kill The Lights
1459,Edge Of Paradise
1460,Moon Tooth
1461,Unfound Reliance
1462,Sylvaine
1463,Amorphis
1464,Villain of the Story
1465,Comeback Kid
1466,Blind Guardian
1467,The Browning
1468,Fit For An Autopsy
1469,Dynazty
1470,Fight The Fade
1471,Hyro The Hero
1472,Famous Last Words
1473,Zeal & Ardor
1474,Eyes Set To Kill
1475,Young Medicine
1476,Sylosis
1477,Outrun the Fall
1478,Cult Of Luna
1479,InVisions
1480,Dagoba
1481,No Bragging Rights
1482,Manimal
1483,Defences
1484,I Am Your God
1485,Hypocrisy
1486,Saviour
1487,No name faces
1488,Elyne
1489,Earth Caller
1490,Resolve
1491,Tenside
1492,In Mourning
1493,Anomalie
1494,Reliqa
1495,Wolves At The Gate
1496,WARGASM (UK)
1497,Fixation
1498,Miguel
1499,Tank
1500,The War and Treaty
1501,Swamp Dogg
1502,Monophonics
1503,Jr. Walker & The All Stars
1504,The Main Squeeze
1505,Jonny P
1506,Four Tops
1507,Sharon Jones & The Dap-Kings
1508,Fontella Bass
1509,The Spinners
1510,The Bamboos
1511,Martha Reeves & The Vandellas
1512,Lee Fields & The Expressions
1513,The Isley Brothers
1514,Stealth
1515,The Elgins
1516,Arthur Conley
1517,The O'Jays
1518,Sly & The Family Stone
1519,The Chiffons
1520,Vintage Trouble
1521,The Staple Singers
1522,Ike & Tina Turner
1523,The Foundations
1524,The Contours
1525,Curtis Harding
1526,The Meters
1527,St. Paul & The Broken Bones
1528,Diplomats of Solid Sound
1529,Marlena Shaw
1530,COIN
1531,The Score
1532,Arlie
1533,Wet Leg
1534,Best Coast
1535,Inhaler
1536,Band of Horses
1537,I DONT KNOW HOW BUT THEY FOUND ME
1538,Blondes
1539,LØLØ
1540,Betcha
1541,Daphne's Couch
1542,Pom Pom Squad
1543,Caspr
1544,Windser
1545,HOKO
1546,Candid
1547,Judah & the Lion
1548,phem
1549,NOISY
1550,Boston Manor
1551,Ricky Himself
1552,Jaguar Jonze
1553,Beckett
1554,No Love For The Middle Child
1555,Hirsch
1556,Max Bennett Kelly
1557,The Drives
1558,LYELL
1559,Charming Liars
1560,Wilderado
1561,Smallpools
1562,DREAMERS
1563,Foreign Air
1564,Del Water Gap
1565,Dead Sara
1566,THE JACKS
1567,Winnetka Bowling League
1568,Sir Sly
1569,Troi Irons
1570,Blame My Youth
1571,Beauty School Dropout
1572,The War On Drugs
1573,The Record Company
1574,Indigo De Souza
1575,Manchester Orchestra
1576,Twen
1577,Girlpool
1578,Ceramic Animal
1579,Nathaniel Rateliff & The Night Sweats
1580,Future Islands
1581,Geese
1582,Adia Victoria
1583,Susto
1584,Superchunk
1585,Hurray For The Riff Raff
1586,Pinegrove
1587,NoSo
1588,The Cactus Blossoms
1589,Neal Francis
1590,cleopatrick
1591,Teenage Wrist
1592,Tigercub
1593,Chappaqua Wrestling
1594,IRONTOM
1595,The Luka State
1596,Michigander
1597,YONAKA
1598,Black Honey
1599,Slothrust
1600,Foxing
1601,Himalayas
1602,Dead Poet Society
1603,Plague Vendor
1604,Death From Above 1979
1605,KennyHoopla
1606,BRKN LOVE
1607,Kills Birds
1608,Turnstile
1609,PRONOUN
1610,The Pale White
1611,Hundredth
1612,Destroy Boys
1613,The Blue Stones
1614,The Velveteers
1615,Mourners
1616,White Reaper
1617,PÆRISH
1618,CRX
1619,George Barnett
1620,Quicksand
1621,Feeder
1622,Mondo Cozmo
1623,MOSES
1624,Tokyo Police Club
1625,New Candys
1626,Bass Drum of Death
1627,Superbloom
1628,Bel Heir
1629,Salt Creek
1630,Fangclub
1631,Rad Horror
1632,CARR
1633,Bexley
1634,Mouth Culture
1635,Valleyheart
1636,Strata
1637,Castlecomer
1638,Twin Wild
1639,Royal Tusk
1640,WAAX
1641,ISLAND
1642,Demob Happy
1643,Electric Enemy
1644,Normandie
1645,Webbed Wing
1646,Mt. Eddy
1647,Pale Seas
1648,The Dose
1649,Sego
1650,COLISION
1651,Dinosaur Pile-Up
1652,Blonder
1653,Middle Class Rut
1654,Eliza & The Delusionals
1655,The Dangerous Summer
1656,Zero 9:36
1657,Skegss
1658,The Aquadolls
1659,Suntitle
1660,Bakers Eddy
1661,FEWS
1662,Saint Agnes
1663,Dude Safari
1664,Headfirst
1665,Ron Gallo
1666,The Amazons
1667,Lonely Spring
1668,allusinlove
1669,Never Not Nothing
1670,Island Apollo
1671,Only Shadows
1672,Basement
1673,Arrested Youth
1674,Soul Blind
1675,Coach Party
1676,Cloud Nothings
1677,CAKE
1678,Motion City Soundtrack
1679,Blind Melon
1680,The Darkness
1681,Grizzly Bear
1682,Jane's Addiction
1683,The Flaming Lips
1684,The Postal Service
1685,Bush
1686,Say Anything
1687,Built To Spill
1688,TV On The Radio
1689,The Naked And Famous
1690,Empire of the Sun
1691,The Bravery
1692,Sunny Day Real Estate
1693,Pavement
1694,Peter Bjorn and John
1695,The Vines
1696,The Walkmen
1697,Supergrass
1698,LCD Soundsystem
1699,The Breeders
1700,The Faint
1701,Head Automatica
1702,The Stills
1703,The Knife
1704,Elbow
1705,The Rapture
1706,Art Brut
1707,Travis
1708,Delicate Steve
1709,Big Thief
1710,Faye Webster
1711,Grimes
1712,Unknown Mortal Orchestra
1713,The Big Moon
1714,Parcels
1715,Sorry
1716,Gengahr
1717,Broken Bells
1718,Metronomy
1719,Rostam
1720,The Orielles
1721,The Horrors
1722,Oddnesse
1723,Fontaines D.C.
1724,Dirty Pretty Things
1725,The Futureheads
1726,Gossip
1727,Editors
1728,The Go! Team
1729,Edward Sharpe & The Magnetic Zeros
1730,Los Campesinos!
1731,Black Kids
1732,Hot Chip
1733,Glasvegas
1734,Darwin Deez
1735,The Pigeon Detectives
1736,Maximo Park
1737,Randy Crawford
1738,Camille Yarbrough
1739,Frankie Valli & The Four Seasons
1740,Average White Band
1741,Sam & Dave
1742,Gloria Jones
1743,Baby Charles
1744,CHIC
1745,Funkadelic
1746,George McCrae
1747,Booker T. & the M.G.'s
1748,Jackson Sisters
1749,Just Brothers
1750,Charles Wright & The Watts 103rd Street Rhythm Band
1751,Gwen McCrae
1752,The Tams
1753,Rufus
1754,Chairmen Of The Board
1755,The Brothers Johnson
1756,Rotary Connection
1757,WILSN
1758,Dojo Cuts
1759,Fat Night
1760,Gabriels
1761,The Marcus King Band
1762,Carlton Jumel Smith
1763,The Suffers
1764,Son Little
1765,Mamas Gun
1766,Collin Miller & the Brother Nature
1767,Shuko
1768,Myles Sanko
1769,The Tibbs
1770,Quinn Devlin & The Bridge Street Kings
1771,Jason Joshua & The Beholders
1772,El Michels Affair
1773,Joey Dosik
1774,The New Mastersounds
1775,"Eli ""Paperboy"" Reed"
1776,Eddie 9V
1777,Black Joe Lewis & The Honeybears
1778,William DeVaughn
1779,Johnny Bristol
1780,King Floyd
1781,The Dramatics
1782,Lyn Collins
1783,Linda Fields
1784,"Bobby ""Blue"" Bland"
1785,Yvonne Fair
1786,Mel & Tim
1787,The Undisputed Truth
1788,Denise LaSalle
1789,Phony Ppl
1790,Radiant Children
1791,Berhana
1792,Free Nationals
1793,Busty and the Bass
1794,Otis Kane
1795,Stokley
1796,Shay Lia
1797,KIRBY
1798,Rare Essence
1799,Nia Sultana
1800,Ciscero
1801,Solange
1802,Tank and The Bangas
1803,Rayana Jay
1804,Rudey Barnes
1805,Odyssey
1806,The Marvelettes
1807,Old Dominion
1808,HARDY
1809,Roman Alexander
1810,Drew Parker
1811,Jameson Rodgers
1812,Renee Blair
1813,Big & Rich
1814,The Judds
1815,Larry Gatlin & The Gatlin Brothers
1816,Henson Cargill
1817,Shenandoah
1818,Alabama
1819,SixForty1
1820,Halle Kearns
1821,Zack Dyer
1822,Luke and Kaylee
1823,FINMAR
1824,Johnny Dailey
1825,Bri Fletcher
1826,Shawn Austin
1827,Smithfield
1828,Teddy Robb
1829,Rodell Duff
1830,Dylan Marlowe
1831,BEXAR
1832,Jenna Paulette
1833,Ian Munsick
1834,Hannah May Allison
1835,Kat & Alex
1836,Niko Moon
1837,Kaylee Bell
1838,Matt Stell
1839,Pierre Alexander
1840,Tyler Booth
1841,Jordan Rowe
1842,Dillon Carmichael
1843,Warren Zeiders
1844,HIXTAPE
1845,Ray Fulcher
1846,Drew Green
1847,Madeline Edwards
1848,Caitlin Quisenberry
1849,Troy Cartwright
1850,Jeb Gipson
1851,Rod + Rose
1852,Bailey Zimmerman
1853,Kassi Ashton
1854,Elvie Shane
1855,Larry Fleet
1856,David J
1857,Casey Barnes
1858,Tenille Townes
1859,Cam
1860,Mitch Rossell
1861,Blane Howard
1862,King Calaway
1863,Tiera
1864,ERNEST
1865,Filmore
1866,Payton Howie
1867,Cory Marks
1868,Kendell Marvel
1869,Kylie Morgan
1870,Jeremy McComb
1871,Blackberry Smoke
1872,Striking Matches
1873,Heath Sanders
1874,Josh Meloy
1875,Whelan Stone
1876,LOCASH
1877,Dusty Black
1878,Blackjack Billy
1879,Jobe Fortner
1880,Shawn David
1881,Taylor McCall
1882,Manny Blu
1883,The Cadillac Three
1884,The Steel Woods
1885,Stephen Wilson Jr.
1886,Tim Montana
1887,Ryan Kinder
1888,Robert Counts
1889,Jacob Bryant
1890,Kaleb Austin
1891,Bobby McClendon
1892,Tanner Usrey
1893,The Georgia Thunderbolts
1894,Dew Pendleton
1895,Bones Owens
1896,Seth Anthony
1897,Read Southall Band
1898,Whiskey Myers
1899,Ghost Hounds
1900,Kenton Bryant
1901,Cody Hibbard
1902,Naked Gypsy Queens
1903,Dave Fenley
1904,Them Dirty Roses
1905,Hayden Coffman
1906,Jackson+Sellers
1907,Nashvillains
1908,Sarah Proctor
1909,The Weather Girls
1910,Soft Cell
1911,Dead Or Alive
1912,The Human League
1913,Sylvester
1914,Deee-Lite
1915,The Source
1916,Pet Shop Boys
1917,KC & The Sunshine Band
1918,Bronski Beat
1919,Indeep
1920,Frankie Goes To Hollywood
1921,Right Said Fred
1922,Yazoo
1923,IndyAnna Baby
1924,Bennett
1925,Wolfjay
1926,Smooth Jas
1927,Jay Page
1928,Michaela Jaé
1929,Ethel Cain
1930,Yves Tumor
1931,Urias
1932,Randa
1933,Cuee
1934,Legwurk
1935,Miss Blanks
1936,EGOISM
1937,SOPHIE
1938,imbi
1939,Adult Mom
1940,Reggii
1941,Freddie
1942,Tunde Olaniran
1943,Katie Dey
1944,Dazey and the Scouts
1945,Kimmortal
1946,Rachel Maria Cox
1947,Octo Octa
1948,Alice Ivy
1949,Kindness
1950,Dorian Electra
1951,Sports Bra
1952,Andrew Broder
1953,SuperKnova
1954,Cry Club
1955,Sir Babygirl
1956,Mavi Phoenix
1957,Madame Gandhi
1958,Godford
1959,Lonelyspeck
1960,RVG
1961,CJ Run
1962,Grayson
1963,Shawnee
1964,Zann Foth
1965,Shygirl
1966,Honey Dijon
1967,India Jordan
1968,LSDXOXO
1969,Hannah Holland
1970,Elkka
1971,Midland
1972,Dimitri From Paris
1973,Louisahhh
1974,Romy
1975,Cakes da Killa
1976,Horse Meat Disco
1977,ABSOLUTE.
1978,Kiddy Smile
1979,CAYAM
1980,TAAHLIAH
1981,Meg Ward
1982,Object Blue
1983,Giolì & Assia
1984,Joshua James
1985,Tygapaw
1986,Lynks
1987,Fatima Al Qadiri
1988,Grove
1989,The Blessed Madonna
1990,Wax Wings
1991,Hercules & Love Affair
1992,Bored Lord
1993,Sega Bodega
1994,LCY
1995,NIMMO
1996,GAIKA
1997,Zebra Katz
1998,LYZZA
1999,Sassy 009
2000,Moore Kismet
2001,Lupa J
2002,rRoxymore
2003,gayphextwin
2004,Laurel Halo
2005,DJ Haram
2006,KDA
2007,Faka
2008,MAY-A
2009,Hope Tala
2010,Emily McMichael
2011,L Devine
2012,Ash Olsen
2013,Pillow Queens
2014,Ilgen-Nur
2015,Lava La Rue
2016,BLOXX
2017,Dream Wife
2018,Joesef
2019,Liz Lawrence
2020,GIRLI
2021,Lauren Auder
2022,Martha Hill
2023,The Internet
2024,Okay Kaya
2025,BEGINNERS
2026,TORRES
2027,Keep Dancing Inc
2028,Lo Knowles
2029,Alex the Astronaut
2030,Ceréna
2031,Evvol
2032,Better Person
2033,Magic Island
2034,Jealous
2035,Wafia
2036,Minelli
2037,Tinlicker
2038,Mabel
2039,Elderbrook
2040,Jayda G
2041,Goodboys
2042,RÜFÜS DU SOL
2043,Ewan McVicar
2044,Axel Black & White
2045,Danny Quest
2046,TSHA
2047,Dom Dolla
2048,ILIRA
2049,Tony Igy
2050,Sons Of Maria
2051,Petey Martin
2052,GAMPER & DADONI
2053,Hook N Sling
2054,Soundwaves
2055,Antoine Cara
2056,One Bit
2057,Steve Brian
2058,Deacon
2059,Natio
2060,Stace Cadet
2061,Seeb
2062,Metrush
2063,Costa
2064,BUNT.
2065,Disciples
2066,J Lisk
2067,Goldroom
2068,Jack Wins
2069,Young Bombs
2070,LODATO
2071,Disco Killerz
2072,Kaptan
2073,Claptone
2074,Wh0
2075,Conro
2076,PNAU
2077,Redondo
2078,SACHI
2079,Holiday87
2080,Joe Killington
2081,TCTS
2082,Midsplit
2083,Clément Leroux
2084,Matisse & Sadko
2085,Dave Winnel
2086,Dastic
2087,MALARKEY
2088,DAZZ
2089,R Plus
2090,Lee Wilson
2091,The Shapeshifters
2092,Wizman
2093,House Gospel Choir
2094,Mojjo
2095,Darin
2096,Jubël
2097,Shoffy
2098,Tez Cadey
2099,Klangkarussell
2100,Shallou
2101,Parra for Cuva
2102,filous
2103,The Avener
2104,Fritz Kalkbrenner
2105,Poolside
2106,Wingtip
2107,Ten Walls
2108,American Authors
2109,Crash Test Dummies
2110,Blue
2111,Ms. Lauryn Hill
2112,Hanson
